command.h_d,command.v_d,command.psi_d,sensor.dz,sensor.z,sensor.psi,sensor.h,sensor.modes,sensor.num_intruders,sensor.valid_1,sensor.id_1,sensor.modes_1,sensor.sr_1,sensor.chi_1,sensor.z_1,sensor.cvc_1,sensor.vrc_1,sensor.vsb_1,ra.ra_active,ra.alarm,ra.target_rate,ra.dh_min,ra.dh_max,ra.crossing,ra.cc,ra.vc,ra.ua,ra.da,ra_detailed.ra_active,ra_detailed.ownInput.dz,ra_detailed.ownInput.z,ra_detailed.ownInput.psi,ra_detailed.ownInput.h,ra_detailed.ownInput.modes,ra_detailed.intruderInput[1].valid,ra_detailed.intruderInput[1].id,ra_detailed.intruderInput[1].modes,ra_detailed.intruderInput[1].sr,ra_detailed.intruderInput[1].chi,ra_detailed.intruderInput[1].z,ra_detailed.intruderInput[1].cvc,ra_detailed.intruderInput[1].vrc,ra_detailed.intruderInput[1].vsb,ra_detailed.intruderInput[1].equipage,ra_detailed.intruderInput[1].quant,ra_detailed.intruderInput[1].sensitivity_index,ra_detailed.intruderInput[1].protection_mode,ra_detailed.ownOutput.cc,ra_detailed.ownOutput.vc,ra_detailed.ownOutput.ua,ra_detailed.ownOutput.da,ra_detailed.ownOutput.target_rate,ra_detailed.ownOutput.turn_off_aurals,ra_detailed.ownOutput.crossing,ra_detailed.ownOutput.alarm,ra_detailed.ownOutput.alert,ra_detailed.ownOutput.dh_min,ra_detailed.ownOutput.dh_max,ra_detailed.ownOutput.sensitivity_index,ra_detailed.ownOutput.ddh,ra_detailed.intruderOutput[1].id,ra_detailed.intruderOutput[1].cvc,ra_detailed.intruderOutput[1].vrc,ra_detailed.intruderOutput[1].vsb,ra_detailed.intruderOutput[1].tds,ra_detailed.intruderOutput[1].code,response.state,response.timer,response.t,response.v_d,response.h_d,response.psi_d,response.logProb,adm.t,adm.v,adm.N,adm.E,adm.h,adm.psi,adm.theta,adm.phi,adm.a,wm.t,wm.x,wm.y,wm.z,wm.vx,wm.vy,wm.vz
ft/s,ft/s^2,deg/s,ft/s,ft,rad,ft,n/a,integer,boolean,integer,n/a,ft,rad,ft,n/a,n/a,n/a,boolean,boolean,ft/s,ft/s,ft/s,boolean,n/a,n/a,n/a,n/a,boolean,ft/s,ft,rad,ft/s,integer,boolean,integer,integer,ft,rad,ft,n/a,n/a,n/a,enum,ft,integer,integer,n/a,n/a,n/a,n/a,ft/s,boolean,boolean,boolean,boolean,ft/s,ft/s,integer,ft/s^2,integer,n/a,n/a,n/a,n/a,n/a,enum,s,s,ft/s^2,ft,rad/s,float,s,ft/s,ft,ft,ft,rad,rad,rad,ft/s^2,s,ft,ft,ft,ft/s,ft/s,ft/s
0,.543350078,-.921332,0,2023.994015955,-2.400698396,2023.994015955,2,1,true,1,1,18212.467124183,.876452757,2647.295015955,0,0,0,false,false,0,-9999,9999,false,0,0,0,0,false,0,2023.994015955,-2.400698396,2023.994015955,2,true,1,1,18212.467124183,.876452757,2650,0,0,0,3,25,4,0,0,0,0,0,0,false,false,false,false,-9999,9999,3,0,1,0,0,0,100.000530367,1,none,0,0,.543350078,0,-.921332,0,0,296.5312698,7102.231743827,12219.407479864,2023.994015955,-2.400698396,0,0,0,0,12219.407479864,7102.231743827,2023.994015955,-200.143194224,-218.800127456,0
0,.543350078,-.921332,0,2023.994015955,-2.410031553,2023.994015955,2,1,true,1,1,18250.233403806,.891812619,2647.295015955,0,0,0,false,false,0,-9999,9999,false,0,0,0,0,false,0,2023.994015955,-2.410031553,2023.994015955,2,true,1,1,18250.233403806,.891812619,2650,0,0,0,3,25,4,0,0,0,0,0,0,false,false,false,false,-9999,9999,3,0,1,0,0,0,99.999902185,1,none,0,1,.543350078,0,-.921332,0,1,297.074619878,6882.661544699,12019.747394684,2023.994015955,-2.410031553,0,-.134942403,0,1,12019.747394684,6882.661544699,2023.994015955,-198.455386332,-221.062863032,0
0,.543350078,-.258316995,0,2023.994015955,-2.425537764,2023.994015955,2,1,true,1,1,18297.137585478,.913779205,2647.295015955,0,0,0,false,false,0,-9999,9999,false,0,0,0,0,false,0,2023.994015955,-2.425537764,2023.994015955,2,true,1,1,18297.137585478,.913779205,2650,0,0,0,3,25,4,0,0,0,0,0,0,false,false,false,false,-9999,9999,3,0,1,0,0,0,99.999900111,1,none,0,2,.543350078,0,-.258316995,0,2,297.617969957,6660.058662074,11822.656375612,2023.994015955,-2.425537764,0,-.146423734,0,2,11822.656375612,6660.058662074,2023.994015955,-195.360480731,-224.523358717,0
0,.543350078,-.258316995,0,2023.994015955,-2.434830181,2023.994015955,2,1,true,1,1,18351.39566883,.929747673,2647.295015955,0,0,0,false,false,0,-9999,9999,false,0,0,0,0,false,0,2023.994015955,-2.434830181,2023.994015955,2,true,1,1,18351.39566883,.929747673,2650,0,0,0,3,25,4,0,0,0,0,0,0,false,false,false,false,-9999,9999,3,0,1,0,0,0,99.999900095,1,none,0,3,.543350078,0,-.258316995,0,3,298.161320035,6434.363515001,11628.277646723,2023.994015955,-2.434830181,0,-.050745023,0,3,11628.277646723,6434.363515001,2023.994015955,-193.618549443,-226.74221062,0
0,.543350078,-.258316995,0,2023.994015955,-2.439748116,2023.994015955,2,1,true,1,1,18410.171156438,.941347031,2647.295015955,0,0,0,false,false,0,-9999,9999,false,0,0,0,0,false,0,2023.994015955,-2.439748116,2023.994015955,2,true,1,1,18410.171156438,.941347031,2650,0,0,0,3,25,4,0,0,0,0,0,0,false,false,false,false,-9999,9999,3,0,1,0,0,0,99.999900058,1,none,0,4,.543350078,0,-.258316995,0,4,298.704670114,6206.992500638,11435.020612885,2023.994015955,-2.439748116,0,-.042555965,0,4,11435.020612885,6206.992500638,2023.994015955,-192.851910742,-228.10659892,0
0,.543350078,-.258316995,0,2023.994015955,-2.444288936,2023.994015955,2,1,true,1,1,18472.857998862,.952533042,2647.295015955,0,0,0,false,false,0,-9999,9999,false,0,0,0,0,false,0,2023.994015955,-2.444288936,2023.994015955,2,true,1,1,18472.857998862,.952533042,2650,0,0,0,3,25,4,0,0,0,0,0,0,false,false,false,false,-9999,9999,3,0,1,0,0,0,99.999900019,1,none,0,5,.543350078,0,-.258316995,0,5,299.248020192,5978.304058502,11242.479564908,2023.994015955,-2.444288936,0,-.041909202,0,5,11242.479564908,5978.304058502,2023.994015955,-192.163048989,-229.396469441,0
0,.543350078,-.258316995,0,2023.994015955,-2.448796801,2023.994015955,2,1,true,1,1,18539.163338285,.963618144,2647.295015955,0,0,0,false,false,0,-9999,9999,false,0,0,0,0,false,0,2023.994015955,-2.448796801,2023.994015955,2,true,1,1,18539.163338285,.963618144,2650,0,0,0,3,25,4,0,0,0,0,0,0,false,false,false,false,-9999,9999,3,0,1,0,0,0,99.999899983,1,none,0,6,.543350078,0,-.258316995,0,6,299.79137027,5748.330451112,11050.626069525,2023.994015955,-2.448796801,0,-.041921553,0,6,11050.626069525,5748.330451112,2023.994015955,-191.474044621,-230.678468707,0
0,.543350078,-.258316995,0,2023.994015955,-2.45330177,2023.994015955,2,1,true,1,1,18607.272452637,.974451489,2647.295015955,0,0,0,false,false,0,-9999,9999,false,0,0,0,0,false,0,2023.994015955,-2.45330177,2023.994015955,2,true,1,1,18607.272452637,.974451489,2650,0,0,0,3,25,4,0,0,0,0,0,0,false,false,false,false,-9999,9999,3,0,1,0,0,0,99.999899983,1,none,0,7,.543350078,0,-.258316995,0,7,300.334720349,5517.075892973,10859.464602211,2023.994015955,-2.45330177,0,-.041991819,0,7,10859.464602211,5517.075892973,2023.994015955,-190.778051696,-231.95835669,0
0,.543350078,-.258316995,0,2023.994015955,-2.457806483,2023.994015955,2,1,true,1,1,18672.361510777,.984620274,2647.295015955,0,0,0,false,false,0,-9999,9999,false,0,0,0,0,false,0,2023.994015955,-2.457806483,2023.994015955,2,true,1,1,18672.361510777,.984620274,2650,0,0,0,3,25,4,0,0,0,0,0,0,false,false,false,false,-9999,9999,3,0,1,0,0,0,99.999899983,1,none,0,8,.543350078,0,-.258316995,0,8,300.878070427,5284.542193145,10669.002534003,2023.994015955,-2.457806483,0,-.0420672,0,8,10669.002534003,5284.542193145,2023.994015955,-190.074465645,-233.236598272,0
0,.543350078,0,0,2023.994015955,-2.462311173,2023.994015955,2,1,true,1,1,18731.17775492,.993964134,2647.295015955,0,0,0,false,false,0,-9999,9999,false,0,0,0,0,false,0,2023.994015955,-2.462311173,2023.994015955,2,true,1,1,18731.17775492,.993964134,2650,0,0,0,3,25,4,0,0,0,0,0,0,false,false,false,false,-9999,9999,3,0,1,0,0,0,99.999899983,1,none,0,9,.543350078,0,0,0,9,301.421420506,5050.730989105,10479.247491844,2023.994015955,-2.462311173,0,-.042143034,0,9,10479.247491844,5050.730989105,2023.994015955,-189.363233108,-234.513195122,0
0,.543350078,0,0,2023.994015955,-2.464227513,2023.994015955,2,1,true,1,1,18778.870549684,.999709888,2647.295015955,0,0,0,false,false,0,-9999,9999,false,0,0,0,0,false,0,2023.994015955,-2.464227513,2023.994015955,2,true,1,1,18778.870549684,.999709888,2650,0,0,0,3,25,4,0,0,0,0,0,0,false,false,false,false,-9999,9999,3,0,1,0,0,0,99.999900003,1,none,0,10,.543350078,0,0,0,10,301.964770584,4815.79839838,10290.014888379,2023.994015955,-2.464227513,0,-.003816235,0,10,10290.014888379,4815.79839838,2023.994015955,-189.254019005,-235.299041572,0
0,.543350078,.891486896,0,2023.994015955,-2.464400954,2023.994015955,2,1,true,1,1,18812.3654366,1.002717801,2647.295015955,0,0,0,false,false,0,-9999,9999,false,0,0,0,0,false,0,2023.994015955,-2.464400954,2023.994015955,2,true,1,1,18812.3654366,1.002717801,2650,0,0,0,3,25,4,0,0,0,0,0,0,false,false,false,false,-9999,9999,3,0,1,0,0,0,99.99990005,1,none,0,11,.543350078,0,.891486896,0,11,302.508120662,4580.288096508,10100.633407678,2023.994015955,-2.464400954,0,-347411e-9,0,11,10100.633407678,4580.288096508,2023.994015955,-189.553672515,-235.755314474,0
0,.543350078,2.0776972,0,2023.994015955,-2.455483203,2023.994015955,2,1,true,1,1,18828.95627665,.995683949,2647.295015955,0,0,0,false,false,0,-9999,9999,false,0,0,0,0,false,0,2023.994015955,-2.455483203,2023.994015955,2,true,1,1,18828.95627665,.995683949,2650,0,0,0,3,25,4,0,0,0,0,0,0,false,false,false,false,-9999,9999,3,0,1,0,0,0,99.999900175,1,none,0,12,.543350078,0,2.0776972,0,12,303.051470741,4344.876674459,9910.265318626,2023.994015955,-2.455483203,0,.132485191,0,12,9910.265318626,4344.876674459,2023.994015955,-191.992744316,-234.475969021,0
0,.543350078,2.0776972,0,2023.994015955,-2.428352715,2023.994015955,2,1,true,1,1,18823.49814812,.969443026,2647.295015955,0,0,0,false,false,0,-9999,9999,false,0,0,0,0,false,0,2023.994015955,-2.428352715,2023.994015955,2,true,1,1,18823.49814812,.969443026,2650,0,0,0,3,25,4,0,0,0,0,0,0,false,false,false,false,-9999,9999,3,0,1,0,0,0,99.999900565,1,none,0,13,.543350078,0,2.0776972,0,13,303.594820819,4112.243830501,9715.676354888,2023.994015955,-2.428352715,0,.31512858,0,13,9715.676354888,4112.243830501,2023.994015955,-198.638263317,-229.592368285,0
0,.543350078,1.581612135,0,2023.994015955,-2.392773925,2023.994015955,2,1,true,1,1,18790.580566735,.933687676,2647.295015955,0,0,0,false,false,0,-9999,9999,false,0,0,0,0,false,0,2023.994015955,-2.392773925,2023.994015955,2,true,1,1,18790.580566735,.933687676,2650,0,0,0,3,25,4,0,0,0,0,0,0,false,false,false,false,-9999,9999,3,0,1,0,0,0,99.999901982,1,none,0,14,.543350078,0,1.581612135,0,14,304.138170898,3885.665172554,9513.263865087,2023.994015955,-2.392773925,0,.328805907,0,14,9513.263865087,3885.665172554,2023.994015955,-207.049347549,-222.779251001,0
0,.543350078,1.581612135,0,2023.994015955,-2.361772636,2023.994015955,2,1,true,1,1,18728.644334186,.901489468,2647.295015955,0,0,0,false,false,0,-9999,9999,false,0,0,0,0,false,0,2023.994015955,-2.361772636,2023.994015955,2,true,1,1,18728.644334186,.901489468,2650,0,0,0,3,25,4,0,0,0,0,0,0,false,false,false,false,-9999,9999,3,0,1,0,0,0,99.999907443,1,none,0,15,.543350078,0,1.581612135,0,15,304.681520976,3665.768907106,9302.818964133,2023.994015955,-2.361772636,0,.260866923,0,15,9302.818964133,3665.768907106,2023.994015955,-214.237255041,-216.640780503,0
0,.543350078,1.858969899,0,2023.994015955,-2.333933084,2023.994015955,2,1,true,1,1,18638.047548549,.871546142,2647.295015955,0,0,0,false,false,0,-9999,9999,false,0,0,0,0,false,0,2023.994015955,-2.333933084,2023.994015955,2,true,1,1,18638.047548549,.871546142,2650,0,0,0,3,25,4,0,0,0,0,0,0,false,false,false,false,-9999,9999,3,0,1,0,0,0,99.99992528,1,none,0,16,.543350078,0,1.858969899,0,16,305.224871054,3451.675695713,9085.706016886,2023.994015955,-2.333933084,0,.256162669,0,16,9085.706016886,3451.675695713,2023.994015955,-220.577305931,-210.968893486,0
0,.543350078,1.295503225,0,2023.994015955,-2.303457743,2023.994015955,2,1,true,1,1,18518.097210609,.838124838,2647.295015955,0,0,0,false,false,0,-9999,9999,false,0,0,0,0,false,0,2023.994015955,-2.303457743,2023.994015955,2,true,1,1,18518.097210609,.838124838,2650,0,0,0,3,25,4,0,0,0,0,0,0,false,false,false,false,-9999,9999,3,0,1,0,0,0,99.999975724,1,none,0,17,.543350078,0,1.295503225,0,17,305.768221133,3243.509980375,8862.163075837,2023.994015955,-2.303457743,0,.295558758,0,17,8862.163075837,3243.509980375,2023.994015955,-227.307162262,-204.513224607,0
0,.543350078,1.719851251,0,2023.994015955,-2.276996295,2023.994015955,2,1,true,1,1,18367.924845681,.807920978,2647.295015955,0,0,0,false,false,0,-9999,9999,false,0,0,0,0,false,0,2023.994015955,-2.276996295,2023.994015955,2,true,1,1,18367.924845681,.807920978,2650,0,0,0,3,25,4,0,0,0,0,0,0,false,false,false,false,-9999,9999,3,0,1,0,0,0,100.000102659,1,none,0,18,.543350078,0,1.719851251,0,18,306.311571211,3041.73226008,8632.110728499,2023.994015955,-2.276996295,0,.218545733,0,18,8632.110728499,3041.73226008,2023.994015955,-233.052069138,-198.780058679,0
0,.543350078,2.603080143,0,2023.994015955,-2.249742232,2023.994015955,2,1,true,1,1,18188.040803742,.776233028,2647.295015955,0,0,0,false,false,0,-9999,9999,false,0,0,0,0,false,0,2023.994015955,-2.249742232,2023.994015955,2,true,1,1,18188.040803742,.776233028,2650,0,0,0,3,25,4,0,0,0,0,0,0,false,false,false,false,-9999,9999,3,0,1,0,0,0,100.000382673,1,none,0,19,.543350078,0,2.603080143,0,19,306.85492129,2845.55342386,8396.558696671,2023.994015955,-2.249742232,0,.273805802,0,19,8396.558696671,2845.55342386,2023.994015955,-238.805268618,-192.69661751,0
0,.543350078,1.843277255,0,2023.994015955,-2.210657649,2023.994015955,2,1,true,1,1,17976.831510026,.732002985,2647.295015955,0,0,0,false,false,0,-9999,9999,false,0,0,0,0,false,0,2023.994015955,-2.210657649,2023.994015955,2,true,1,1,17976.831510026,.732002985,2650,0,0,0,3,25,4,0,0,0,0,0,0,false,false,false,false,-9999,9999,3,0,1,0,0,0,100.000976729,1,none,0,20,.543350078,0,1.843277255,0,20,307.398271368,2656.642715717,8154.461656753,2023.994015955,-2.210657649,0,.400760536,0,20,8154.461656753,2656.642715717,2023.994015955,-246.588305082,-183.542651819,0
0,.543350078,1.843277255,0,2023.994015955,-2.173727889,2023.994015955,2,1,true,1,1,17732.542704372,.689152593,2647.295015955,0,0,0,false,false,0,-9999,9999,false,0,0,0,0,false,0,2023.994015955,-2.173727889,2023.994015955,2,true,1,1,17732.542704372,.689152593,2650,0,0,0,3,25,4,0,0,0,0,0,0,false,false,false,false,-9999,9999,3,0,1,0,0,0,100.002183197,1,none,0,21,.543350078,0,1.843277255,0,21,307.941621446,2477.330158821,7904.500927689,2023.994015955,-2.173727889,0,.305590479,0,21,7904.500927689,2477.330158821,2023.994015955,-253.644365073,-174.621242367,0
0,.543350078,1.843277255,0,2023.994015955,-2.141242064,2023.994015955,2,1,true,1,1,17456.675883622,.650089064,2647.295015955,0,0,0,false,false,0,-9999,9999,false,0,0,0,0,false,0,2023.994015955,-2.141242064,2023.994015955,2,true,1,1,17456.675883622,.650089064,2650,0,0,0,3,25,4,0,0,0,0,0,0,false,false,false,false,-9999,9999,3,0,1,0,0,0,100.004331817,1,none,0,22,.543350078,0,1.843277255,0,22,308.484971525,2306.325201687,7648.126745008,2023.994015955,-2.141242064,0,.299299122,0,22,7648.126745008,2306.325201687,2023.994015955,-259.63957137,-166.584124801,0
0,.543350078,1.843277255,0,2023.994015955,-2.109070391,2023.994015955,2,1,true,1,1,17149.89331875,.610745847,2647.295015955,0,0,0,false,false,0,-9999,9999,false,0,0,0,0,false,0,2023.994015955,-2.109070391,2023.994015955,2,true,1,1,17149.89331875,.610745847,2650,0,0,0,3,25,4,0,0,0,0,0,0,false,false,false,false,-9999,9999,3,0,1,0,0,0,100.014162652,1,none,0,23,.543350078,0,1.843277255,0,23,309.028321603,2143.3976849,7385.904746044,2023.994015955,-2.109070391,0,.299290801,0,23,7385.904746044,2143.3976849,2023.994015955,-265.330100441,-158.424876055,0
0,.543350078,1.843277255,0,2023.994015955,-2.076922016,2023.994015955,2,1,true,1,1,16812.676644627,.570872137,2647.295015955,0,0,0,false,false,0,-9999,9999,false,0,0,0,0,false,0,2023.994015955,-2.076922016,2023.994015955,2,true,1,1,16812.676644627,.570872137,2650,0,0,0,3,25,4,0,0,0,0,0,0,false,false,false,false,-9999,9999,3,0,1,0,0,0,100.018845388,1,none,0,24,.543350078,0,1.843277255,0,24,309.571671682,1988.713363955,7118.109510165,2023.994015955,-2.076922016,0,.299748439,0,24,7118.109510165,1988.713363955,2023.994015955,-270.76045553,-150.077965168,0
0,.543350078,1.843277255,0,2023.994015955,-2.044775374,2023.994015955,2,1,true,1,1,16445.632054688,.530482535,2647.295015955,0,0,0,false,false,0,-9999,9999,false,0,0,0,0,false,0,2023.994015955,-2.044775374,2023.994015955,2,true,1,1,16445.632054688,.530482535,2650,0,0,0,3,25,4,0,0,0,0,0,0,false,false,false,false,-9999,9999,3,0,1,0,0,0,100.024195884,1,none,0,25,.543350078,0,1.843277255,0,25,310.11502176,1842.459865419,6845.001846491,2023.994015955,-2.044775374,0,.300240754,0,25,6845.001846491,1842.459865419,2023.994015955,-275.927687102,-141.545887301,0
0,.543350078,1.843277255,0,2023.994015955,-2.012628856,2023.994015955,2,1,true,1,1,16049.505415661,.489609319,2647.295015955,0,0,0,false,false,0,-9999,9999,false,0,0,0,0,false,0,2023.994015955,-2.012628856,2023.994015955,2,true,1,1,16049.505415661,.489609319,2650,0,0,0,3,25,4,0,0,0,0,0,0,false,false,false,false,-9999,9999,3,0,1,0,0,0,100.091093707,1,none,0,26,.543350078,0,1.843277255,0,26,310.658371838,1704.818917783,6566.847581413,2023.994015955,-2.012628856,0,.300735533,0,26,6566.847581413,1704.818917783,2023.994015955,-280.825723472,-132.836504883,0
0,.543350078,1.843277255,0,2023.994015955,-1.98048234,2023.994015955,2,1,true,1,1,15625.177416668,.448284249,2647.295015955,0,0,0,false,false,0,-9999,9999,false,0,0,0,0,false,0,2023.994015955,-1.98048234,2023.994015955,2,true,1,1,15625.177416668,.448284249,2650,0,0,0,3,25,4,0,0,0,0,0,0,false,false,false,false,-9999,9999,3,0,1,0,0,0,100.099833476,1,none,0,27,.543350078,0,1.843277255,0,27,311.201721917,1575.964037557,6283.918650954,2023.994015955,-1.98048234,0,.301230356,0,27,6283.918650954,1575.964037557,2023.994015955,-285.448514565,-123.958288375,0
0,.543350078,1.843277255,0,2023.994015955,-1.948335818,2023.994015955,2,1,true,1,1,15173.657229405,.406537366,2647.295015955,0,0,0,false,false,0,-9999,9999,false,0,0,0,0,false,0,2023.994015955,-1.948335818,2023.994015955,2,true,1,1,15173.657229405,.406537366,2650,0,0,0,3,25,4,0,0,0,0,0,0,false,false,false,false,-9999,9999,3,0,1,0,0,0,100.102534517,1,none,0,28,.543350078,0,1.843277255,0,28,311.745071995,1456.060157616,5996.492931803,2023.994015955,-1.948335818,0,.301725043,0,28,5996.492931803,1456.060157616,2023.994015955,-289.790262194,-114.919945401,0
0,.543350078,1.843277255,0,2023.994015955,-1.916189287,2023.994015955,2,1,true,1,1,14696.886834263,.364352861,2642.944692006,0,0,0,false,false,0,-9999,9999,false,0,0,0,0,false,0,2023.994015955,-1.916189287,2023.994015955,2,true,1,1,14696.886834263,.364352861,2650,0,0,0,3,25,4,0,0,0,0,0,0,false,false,false,false,-9999,9999,3,0,1,0,0,0,100.110534979,1,none,0,29,.543350078,0,1.843277255,0,29,312.288422074,1345.26341166,5704.853975982,2023.994015955,-1.916189287,0,.302219579,0,29,5704.853975982,1345.26341166,2023.994015955,-293.845442982,-105.730384469,0
0,.543350078,1.843277255,0,2023.994015955,-1.884042749,2023.994015955,2,1,true,1,1,14195.629653455,.32176773,2633.673027516,0,0,0,false,false,0,-9999,9999,false,0,0,0,0,false,0,2023.994015955,-1.884042749,2023.994015955,2,true,1,1,14195.629653455,.32176773,2625,0,0,0,3,25,4,0,0,0,0,0,0,false,false,false,true,-9999,9999,3,0,1,0,0,0,400.177097402,3,none,0,30,.543350078,0,1.843277255,0,30,312.831772152,1243.720938614,5409.290732232,2023.994015955,-1.884042749,0,.302713963,0,30,5409.290732232,1243.720938614,2023.994015955,-297.608816266,-96.398704082,0
0,.543350078,1.843277255,0,2023.994015955,-1.851896204,2023.994015955,2,1,true,1,1,13671.576886592,.278780416,2624.559207071,0,0,0,false,false,0,-9999,9999,false,0,0,0,0,false,0,2023.994015955,-1.851896204,2023.994015955,2,true,1,1,13671.576886592,.278780416,2625,0,0,0,3,25,4,0,0,0,0,0,0,false,false,false,true,-9999,9999,3,0,1,0,0,0,400.19680799,3,none,0,31,.543350078,0,1.843277255,0,31,313.37512223,1151.570696773,5110.0972603,2023.994015955,-1.851896204,0,.303208194,0,31,5110.0972603,1151.570696773,2023.994015955,-301.075430679,-86.93418358,0
0,.543350078,1.843277255,0,2023.994015955,-1.819749651,2023.994015955,2,1,true,1,1,13125.419132459,.235452474,2615.445386544,0,0,0,false,false,0,-9999,9999,false,0,0,0,0,false,0,2023.994015955,-1.819749651,2023.994015955,2,true,1,1,13125.419132459,.235452474,2625,0,0,0,3,25,4,0,0,0,0,0,0,false,false,false,true,-9999,9999,3,0,1,0,0,0,400.194395048,3,none,0,32,.543350078,0,1.843277255,0,32,313.918472309,1068.941287096,4807.572438819,2023.994015955,-1.819749651,0,.303702273,0,32,4807.572438819,1068.941287096,2023.994015955,-304.240630371,-77.346273914,0
0,.543350078,1.843277255,0,2023.994015955,-1.78760309,2023.994015955,2,1,true,1,1,12558.691808145,.191804022,2606.331565938,0,0,0,false,false,0,-9999,9999,false,0,0,0,0,false,0,2023.994015955,-1.78760309,2023.994015955,2,true,1,1,12558.691808145,.191804022,2600,0,0,0,3,25,4,0,0,0,0,0,0,false,false,false,true,-9999,9999,3,0,1,0,0,0,400.275301802,3,none,0,33,.543350078,0,1.843277255,0,33,314.461822387,995.951785821,4502.0196671,2023.994015955,-1.78760309,0,.3041962,0,33,4502.0196671,995.951785821,2023.994015955,-307.10006093,-67.644588221,0
8.587219287,.543350078,1.843277255,0,2023.994015955,-1.755456521,2023.994015955,2,1,true,1,1,11973.01837276,.147853757,2597.217745254,0,0,0,false,false,0,-9999,9999,false,0,0,0,0,false,0,2023.994015955,-1.755456521,2023.994015955,2,true,1,1,11973.01837276,.147853757,2600,0,2,7,3,25,4,0,0,0,0,0,0,false,false,false,true,-9999,9999,3,0,1,0,0,0,400.28508922,3,none,0,34,.543350078,8.587219287,1.843277255,0,34,315.005172466,932.711586597,4193.746561141,2023.994015955,-1.755456521,0,.304689973,0,34,4193.746561141,932.711586597,2023.994015955,-309.649675003,-57.838892195,0
11.068020829,.543350078,1.843277255,8.587219012,2028.330905538,-1.720872074,2028.330905538,2,1,true,1,1,11369.849783839,.101119546,2588.103924494,0,0,0,false,false,0,-9999,9999,false,0,0,0,0,false,8.587219012,2028.330905538,-1.720872074,2028.330905538,2,true,1,1,11369.849783839,.101119546,2600,0,2,7,3,25,4,0,0,0,0,0,0,false,false,false,true,-9999,9999,3,0,1,0,0,0,400.290135322,3,none,0,35,.543350078,11.068020829,1.843277255,0,35,315.548522544,880.017114504,3882.99104902,2028.330905538,-1.720872074,.027216985,.256867759,0,35,3882.99104902,880.017114504,2028.330905538,-311.886127294,-47.161142385,8.587219012
11.068020829,.543350078,1.295152428,11.068020502,2038.944530302,-1.690656986,2038.944530302,2,1,true,1,1,10751.067216244,.058489496,2578.99010366,0,0,0,true,true,0,-9999,0,false,6,0,0,2,true,11.068020502,2038.944530302,-1.690656986,2038.944530302,2,true,1,1,10751.067216244,.058489496,2575,0,2,7,3,25,4,0,6,0,0,2,0,false,false,true,false,-9999,0,3,8.0435,1,0,1,14,1200,4,none,5,36,.543350078,11.068020829,1.295152428,0,36,316.091872622,837.159770093,3570.312277421,2038.944530302,-1.690656986,.03502236,.297001131,0,36,3570.312277421,837.159770093,2038.944530302,-313.63156728,-37.773150066,11.068020502
12.238028908,.543350078,1.295152428,11.068020503,2050.012550804,-1.664457527,2050.012550804,2,1,true,1,1,10118.686509711,.019719189,2569.876282754,0,0,0,true,false,0,-9999,0,false,6,0,0,2,true,11.068020503,2050.012550804,-1.664457527,2050.012550804,2,true,1,1,10118.686509711,.019719189,2575,0,2,7,3,25,4,0,6,0,0,2,0,false,false,false,false,-9999,0,3,8.0435,1,0,1,14,1200,4,none,4,37,.543350078,12.238028908,1.295152428,0,37,316.635222701,803.269362557,3256.000435084,2050.012550804,-1.664457527,.034962237,.226022147,0,37,3256.000435084,803.269362557,2050.012550804,-315.054756075,-29.594997072,11.068020503
12.238028908,.543350078,1.295152428,12.238028548,2062.113192252,-1.641410795,2062.113192252,2,1,true,1,1,9474.484304189,-.015875317,2560.762461777,0,0,0,true,false,0,-9999,0,false,6,0,0,2,true,12.238028548,2062.113192252,-1.641410795,2062.113192252,2,true,1,1,9474.484304189,-.015875317,2550,0,2,7,3,25,4,0,6,0,0,2,0,false,false,false,false,-9999,0,3,8.0435,1,0,1,14,1200,4,none,3,38,.543350078,12.238028908,1.295152428,0,38,317.178572779,777.040697497,2940.446877861,2062.113192252,-1.641410795,.038593613,.218058371,0,38,2940.446877861,777.040697497,2062.113192252,-316.152515643,-22.362122896,12.238028548
12.238028908,.543350078,1.295152428,12.238028549,2074.351220801,-1.618844687,2074.351220801,2,1,true,1,1,8820.16756038,-.050822025,2551.64864073,0,0,0,true,false,0,-9999,0,false,6,0,0,2,true,12.238028549,2074.351220801,-1.618844687,2074.351220801,2,true,1,1,8820.16756038,-.050822025,2550,0,2,7,3,25,4,0,6,0,0,2,0,false,false,false,false,-9999,0,3,8.0435,1,0,1,14,1200,4,none,2,39,.543350078,12.238028908,1.295152428,0,39,317.721922858,757.873093113,2623.846152072,2074.351220801,-1.618844687,.03852758,.219699728,0,39,2623.846152072,757.873093113,2074.351220801,-317.119731991,-15.248819744,12.238028549
14.37929823,.543350078,1.295152428,12.238028551,2086.589249351,-1.596220492,2086.589249351,2,1,true,1,1,8158.077149025,-.085822753,2546.073381271,0,0,0,true,true,0,-9999,0,false,5,0,0,2,true,12.238028551,2086.589249351,-1.596220492,2086.589249351,2,true,1,1,8158.077149025,-.085822753,2550,0,2,7,3,25,3,0,5,0,0,2,0,false,false,true,false,-9999,0,3,8.0435,1,0,1,14,1200,4,none,1,40,.543350078,14.37929823,1.295152428,0,40,318.265272936,745.845238494,2306.349775257,2086.589249351,-1.596220492,.038461772,.220180066,0,40,2306.349775257,745.845238494,2086.589249351,-317.927115944,-8.084773436,12.238028551
14.37929823,.543350078,1.295152428,14.379297812,2100.616001264,-1.573387965,2100.616001264,2,1,true,1,1,7490.81873484,-.121614364,2546.342428085,0,0,0,true,false,0,-9999,0,false,5,0,0,2,true,14.379297812,2100.616001264,-1.573387965,2100.616001264,2,true,1,1,7490.81873484,-.121614364,2550,0,2,7,3,25,3,0,5,0,0,2,0,false,false,false,false,-9999,0,3,8.0435,1,0,1,14,1200,4,follow,0,41,.543350078,0,1.295152428,0,41,318.808623014,741.184882899,1988.190407196,2100.616001264,-1.573387965,.045118534,.216622459,0,41,1988.190407196,741.184882899,2100.616001264,-318.483111995,-.825394882,14.379297812
14.37929823,.543350078,1.295152428,4.717202345,2110.64731862,-1.554554851,2110.64731862,2,1,true,1,1,6819.448065036,-.154114521,2546.664904798,0,0,0,true,false,0,-9999,0,false,5,0,0,2,true,4.717202345,2110.64731862,-1.554554851,2110.64731862,2,true,1,1,6819.448065036,-.154114521,2550,0,2,7,3,25,3,0,5,0,0,2,0,false,false,false,false,-9999,0,3,8.0435,1,0,1,14,1200,4,follow,0,42,.543350078,0,1.295152428,0,42,319.351973093,742.905502152,1669.316386762,2110.64731862,-1.554554851,.014771707,.292630966,0,42,1669.316386762,742.905502152,2110.64731862,-319.2750172,5.185953356,4.717202345
14.37929823,.543350078,1.295152428,138363e-9,2111.878855469,-1.529289636,2111.878855469,2,1,true,1,1,6145.464060392,-.194009477,2546.987068565,0,0,0,true,false,0,-9999,0,false,5,0,0,2,true,138363e-9,2111.878855469,-1.529289636,2111.878855469,2,true,1,1,6145.464060392,-.194009477,2550,0,2,7,3,25,3,0,5,0,0,2,0,false,false,false,false,-9999,0,3,8.0435,1,0,1,14,1200,4,follow,0,43,.543350078,0,1.295152428,0,43,319.895323171,751.434213324,1349.849507873,2111.878855469,-1.529289636,433e-9,.239496422,0,43,1349.849507873,751.434213324,2111.878855469,-319.619804042,13.273983998,138363e-9
14.37929823,.543350078,3.467504968,138126e-9,2111.476750897,-1.505494175,2111.476750897,2,1,true,1,1,5470.091423524,-.233941315,2547.308922773,0,0,0,true,false,0,-9999,0,false,5,0,0,2,true,138126e-9,2111.476750897,-1.505494175,2111.476750897,2,true,1,1,5470.091423524,-.233941315,2550,0,2,7,3,25,3,0,5,0,0,2,0,false,false,false,false,-9999,0,3,8.0435,1,0,1,14,1200,4,follow,0,44,.543350078,0,3.467504968,0,44,320.43867325,768.108008808,1030.152112197,2111.476750897,-1.505494175,431e-9,.215642674,0,44,1030.152112197,768.108008808,2111.476750897,-319.75568132,20.910465742,138126e-9
14.37929823,.543350078,3.467504968,-.804475281,2111.149129862,-1.464314037,2111.149129862,2,1,true,1,1,4794.961553816,-.293581931,2547.630470735,0,0,0,true,false,0,-9999,0,false,5,0,0,2,true,-.804475281,2111.149129862,-1.464314037,2111.149129862,2,true,1,1,4794.961553816,-.293581931,2550,0,2,7,3,25,3,0,5,0,0,2,0,false,false,false,false,-9999,0,3,8.0435,1,0,1,14,1200,4,follow,0,45,.543350078,0,3.467504968,0,45,320.982023328,794.108763354,710.549062676,2111.149129862,-1.464314037,-.002506297,.52852191,0,45,710.549062676,794.108763354,2111.149129862,-319.16301586,34.11424082,-.804475281
14.37929823,.543350078,3.027854389,-.162346327,2110.777782754,-1.408411347,2110.777782754,2,1,true,1,1,4124.052738652,-.372941519,2547.951715697,0,0,0,true,false,0,-9999,0,false,5,0,0,2,true,-.162346327,2110.777782754,-1.408411347,2110.777782754,2,true,1,1,4124.052738652,-.372941519,2550,0,2,7,3,25,3,0,5,0,0,2,0,false,false,false,false,-9999,0,3,8.0435,1,0,1,14,1200,4,follow,0,46,.543350078,0,3.027854389,0,46,321.525373406,836.341480137,392.150823467,2110.777782754,-1.408411347,-504925e-9,.47089294,0,46,392.150823467,836.341480137,2110.777782754,-317.29550763,51.981729731,-.162346327
14.37929823,.543350078,3.027854389,12032e-9,2110.499742542,-1.355779767,2110.499742542,2,1,true,1,1,3460.907273913,-.457013629,2548.272660835,0,0,0,true,false,0,-9999,0,false,5,0,0,2,true,12032e-9,2110.499742542,-1.355779767,2110.499742542,2,true,1,1,3460.907273913,-.457013629,2550,0,2,7,3,25,3,0,5,0,0,2,0,false,false,false,false,-9999,0,3,8.0435,1,0,1,14,1200,4,follow,0,47,.543350078,0,3.027854389,0,47,322.068723485,895.740687489,75.948434041,2110.499742542,-1.355779767,37e-9,.472996245,0,47,75.948434041,895.740687489,2110.499742542,-314.652402218,68.71774462,12032e-9
14.37929823,.543350078,2.9824923,-.804472658,2110.237040741,-1.304584828,2110.237040741,2,1,true,1,1,2809.801959701,-.552825037,2548.593309263,0,0,0,true,false,0,-9999,0,false,5,0,0,2,true,-.804472658,2110.237040741,-1.304584828,2110.237040741,2,true,1,1,2809.801959701,-.552825037,2550,0,2,7,3,25,3,0,5,0,0,2,0,false,false,false,false,-9999,0,3,8.0435,1,0,1,14,1200,4,follow,0,48,.543350078,0,2.9824923,0,48,322.612073563,971.811025912,-237.220709665,2110.237040741,-1.304584828,-.002493625,.502560477,0,48,-237.220709665,971.811025912,2110.237040741,-311.246930994,84.871966981,-.804472658
14.37929823,.543350078,2.9824923,-.054052645,2109.896540963,-1.250840284,2109.896540963,2,1,true,1,1,2177.752034574,-.675571826,2548.913664028,0,0,0,true,false,0,-9999,0,false,5,0,0,2,true,-.054052645,2109.896540963,-1.250840284,2109.896540963,2,true,1,1,2177.752034574,-.675571826,2550,0,2,7,3,25,3,0,5,0,0,2,0,false,false,false,false,-9999,0,3,8.0435,1,0,1,14,1200,4,follow,0,49,.543350078,0,2.9824923,0,49,323.155423642,1064.325535729,-546.499942058,2109.896540963,-1.250840284,-167265e-9,.468685997,0,49,-546.499942058,1064.325535729,2109.896540963,-306.755037494,101.640404759,-.054052645
